{
    "loss": 4.01608943939209,
    "accuracy": 0.5323740839958191
}