{
    "loss": 5.817392349243164,
    "accuracy": 0.5107913613319397
}